{"Activity":[{"Records":[{"action":"view","category":"main gui","event":{"subType":2,"time":1701817395499,"type":5},"identity":{"guid":"","hwid":"FBEE1A7D78923B8699B0530AB6C4101BF8517D92D7E15F66495FE8B0DC62456B"},"installation":{"action":0,"appId":"","time":0},"label":"home","license":{"activation":0,"autoRenewal":false,"containerId":"","count":0,"countDevice":0,"edition":0,"expired":false,"issued":0,"otherLicense":"","schemaId":"","type":2,"validThrough":0,"walletKey":""},"platform":{"architecture":2,"build":"19045","lang":"zh-CN","os":1,"score":"","timezone":480,"ubr":3693,"version":"10.0"},"product":{"backendEnv":1,"build":0,"edition":0,"fronendEnv":"PRODUCTION","id":108,"lang":"en-US","versionApp":"1.53.0.2096","versionGui":""},"view":"recuva"}],"guid":"018d8922-2550-43a9-a95e-b6bc726ba3cd"}]}